DELETE FROM participe;
DELETE FROM correspond;
DELETE FROM compose;
DELETE FROM Paiement;
DELETE FROM Facture;
DELETE FROM Commande;
DELETE FROM Clients;
DELETE FROM Voyage;
DELETE FROM Voyageurs;
DELETE FROM Etape;
DELETE FROM Moyen_transport;
DELETE FROM Personnel;
DELETE FROM Coordonnees;

ALTER TABLE Coordonnees AUTO_INCREMENT=1;
ALTER TABLE Personnel AUTO_INCREMENT=1;
ALTER TABLE Moyen_transport AUTO_INCREMENT=1;
ALTER TABLE Etape AUTO_INCREMENT=1;
ALTER TABLE Voyageurs AUTO_INCREMENT=1;
ALTER TABLE Voyage AUTO_INCREMENT=1;
ALTER TABLE Clients AUTO_INCREMENT=1;
ALTER TABLE Commande AUTO_INCREMENT=1;
ALTER TABLE Facture AUTO_INCREMENT=1;
ALTER TABLE Paiement AUTO_INCREMENT=1;


INSERT INTO Coordonnees (num_voie, nom_rue, nom_residence, nom_batiment, etage, code_postal, ville, tel_mobile, autre_tel_1, autre_tel_2,actif)
VALUES
(123, 'Rue du Pont', NULL, NULL, NULL, 75000, 'Paris', '0123456789', NULL, NULL,1),
(456, 'Rue de la Montagne', 'Résidence du Soleil', 'Batiment A', 6, 69000, 'Lyon', '0987654321', '0612345678', NULL,1),
(789, 'Avenue de la Forêt', NULL, 'Immeuble Le Chêne', NULL, 13000, 'Marseille', '0123456789', '0612345678', '0712345678',1),
(321, 'Rue du Jardin', 'Résidence des Fleurs', NULL, 2, 13100, 'Aix-en-Provence', '0987654321', NULL, NULL,1),
(654, 'Boulevard de la Mer', NULL, 'Immeuble Le Phare', 7, 13200, 'Arles', '0123456789', '0612345678', '0712345678',1),
(333, 'Rue des Tilleuls', NULL, 'Immeuble Les Tilleuls', 4, 34000, 'Montpellier', '0987654321', '0612345678', '0712345678',1),
(666, 'Avenue des Champs', 'Résidence des Champs', 'Batiment B', 8, 35000, 'Rennes', '0123456789', NULL, NULL,1),
(999, 'Rue des Jardins', 'Résidence des Jardins', NULL, 3, 36000, 'Châteauroux', '0987654321', '0612345678', '0712345678',1),
(555, 'Boulevard de la Plage', NULL, 'Immeuble La Plage', 9, 37000, 'Tours', '0123456789', NULL, NULL,1),
(8, 'Rue des Etoiles', 'Résidence des Etoiles', 'Batiment C', 5, 38000, 'Grenoble', '0987654321', '0612345678', '0712345678',1),
(777, 'Rue de la Forêt', 'Résidence de la Forêt', 'Batiment A', 4, 45000, 'Orléans', '0123456789', '0612345678', NULL,1),
(111, 'Avenue du Jardin', NULL, 'Immeuble Le Jardin', 5, 46000, 'Poitiers', '0987654321', '0612345678', '0712345678',1),
(444, 'Rue de la Plage', 'Résidence de la Plage', 'Batiment B', 2, 47000, 'Angoulême', '0123456789', NULL, NULL,1),
(222, 'Boulevard des Tilleuls', NULL, 'Immeuble Les Tilleuls', 3, 48000, 'La Rochelle', '0987654321', '0612345678', '0712345678',1),
(555, 'Rue des Fleurs', 'Résidence des Fleurs', 'Batiment C', 6, 49000, 'Nantes', '0123456789', NULL, NULL,1),
(888, 'Avenue des Champs', NULL, 'Immeuble Les Champs', 1, 50000, 'Caen', '0987654321', '0612345678', '0712345678',1),
(333, 'Rue des Jardins', 'Résidence des Jardins', 'Batiment D', 8, 51000, 'Chalons-en-Champagne', '0123456789', NULL, NULL,1),
(666, 'Boulevard de la Mer', NULL, 'Immeuble La Mer', 7, 52000, 'Reims', '0987654321', '0612345678', '0712345678',1),
(999, 'Rue des Etoiles', 'Résidence des Etoiles', 'Batiment E', 9, 53000, 'Laval', '0123456789', NULL, NULL,1),
(123, 'Avenue de la Montagne', NULL, 'Immeuble La Montagne', 1, 54000, 'Nancy', '0987654321', '0612345678', '0712345678',1),
(456, 'Rue du Pont', 'Résidence du Pont', 'Batiment F', 2, 56000, 'Vannes', NULL, NULL, NULL,1),
(789, 'Boulevard de la Forêt', NULL, 'Immeuble La Forêt', 3, 56000, 'Vannes', '0987654321', '0612345678', '0712345678',1),
(321, 'Rue du Jardin', 'Résidence du Jardin', 'Batiment G', 4, 57000, 'Metz','0123456789', NULL, NULL,1),
(654, 'Avenue de la Montagne', NULL, 'Immeuble La Montagne', 5, 58000, 'Nevers', '0123456789', NULL, NULL,1),
(987, 'Rue de la Mer', 'Résidence de la Mer', 'Batiment H', 6, 59000, 'Lille', '0987654321', '0612345678', '0712345678',1),
(741, 'Boulevard de la Forêt', NULL, 'Immeuble La Forêt', 7, 60000, 'Beauvais', '0123456789', NULL, NULL,1),
(852, 'Rue du Jardin', 'Résidence du Jardin', 'Batiment I', 8, 61000, 'Alençon', '0987654321', '0612345678', '0712345678',1),
(963, 'Avenue de la Montagne', NULL, 'Immeuble La Montagne', 9, 62000, 'Arras', '0123456789', NULL, NULL,1),
(174, 'Rue de la Mer', 'Résidence de la Mer', 'Batiment J', 1, 63000, 'Clermont-Ferrand', '0987654321', '0612345678', '0712345678',1),
(285, 'Boulevard de la Forêt', NULL, 'Immeuble La Forêt', 2, 64000, 'Pau', '0123456789', NULL, NULL,1),
(396, 'Rue du Jardin', 'Résidence du Jardin', 'Batiment K', 3, 65000, 'Tarbes', '0987654321', '0612345678', '0712345678',1),
(407, 'Avenue de la Montagne', NULL, 'Immeuble La Montagne', 4, 66000, 'Perpignan', '0123456789', NULL, NULL,1),
(518, 'Rue de la Mer', 'Résidence de la Mer', 'Batiment L', 5, 67000, 'Strasbourg', '0987654321', '0612345678', '0712345678',1),
(629, 'Boulevard de la Forêt', NULL, 'Immeuble La Forêt', 6, 68000, 'Colmar', '0123456789', NULL, NULL,1),
(730, 'Rue du Jardin', 'Résidence du Jardin', 'Batiment M', 7, 69000, 'Lyon', '0987654321', '0612345678', '0712345678',1),
(841, 'Avenue de la Montagne', NULL, 'Immeuble La Montagne', 8, 70000, 'Vesoul','0123456789', NULL, NULL,1),
(952, 'Boulevard de la Forêt', NULL, 'Immeuble La Forêt', 9, 71000, 'Mâcon', '0123456789', NULL, NULL,1),
(163, 'Rue du Jardin', 'Résidence du Jardin', 'Batiment N', 1, 72000, 'Le Mans', '0987654321', '0612345678', '0712345678',1),
(274, 'Avenue de la Montagne', NULL, 'Immeuble La Montagne', 2, 73000, 'Chambéry', '0123456789', NULL, NULL,1),
(385, 'Rue de la Mer', 'Résidence de la Mer', 'Batiment O', 3, 74000, 'Annecy', '0987654321', '0612345678', '0712345678',1),
(496, 'Boulevard de la Forêt', NULL, 'Immeuble La Forêt', 4, 75000, 'Paris', '0123456789', NULL, NULL,1),
(607, 'Rue du Jardin', 'Résidence du Jardin', 'Batiment P', 5, 76000, 'Rouen', '0987654321', '0612345678', '0712345678',1),
(718, 'Avenue de la Montagne', NULL, 'Immeuble La Montagne', 6, 77000, 'Melun', '0123456789', NULL, NULL,1),
(6, 'Rue de la Mer', 'Résidence de la Mer', 'Batiment V', 2, 92000, 'Nanterre', '0123456789', NULL, NULL,1),
(17, 'Boulevard de la Forêt', NULL, 'Immeuble La Forêt', 3, 93000, 'Bobigny', '0987654321', '0612345678', '0712345678',1),
(28, 'Rue du Jardin', 'Résidence du Jardin', 'Batiment W', 4, 94000, 'Créteil', '0123456789', NULL, NULL,1),
(39, 'Avenue de la Montagne', NULL, 'Immeuble La Montagne', 5, 95000, 'Cergy', '0987654321', '0612345678', '0712345678',1),
(40, 'Rue de la Mer', 'Résidence de la Mer', 'Batiment X', 6, 96000, 'Pontoise', '0123456789', NULL, NULL,1),
(51, 'Rue du Jardin', 'Résidence du Jardin', 'Batiment Y', 7, 25000, 'Besançon', '0123456789', NULL, NULL,1),
(62, 'Avenue de la Montagne', NULL, 'Immeuble La Montagne', 8, 26000, 'Valence', '0987654321', '0612345678', '0712345678',1),
(73, 'Rue de la Mer', 'Résidence de la Mer', 'Batiment Z', 9, 27000, 'Evreux', '0123456789', NULL, NULL,1);

INSERT INTO Personnel (nom_personnel, prenom_personnel, mail_pro, date_embauche, actif, id_coordonnees)
VALUES
('Elrick', 'Kacy', 'kelrick0@voyage.fr', '1503697375',1,1),
('Moncaster', 'Ferd', 'fmoncaster1@voyage.fr', '1653697375',1,2),
('Blondell', 'Wynn', 'wblondell2@voyage.fr', '1603697375',1,3),
('Trasler', 'Britney', 'btrasler3@voyage.fr', '1610990164',1,4),
('Middis', 'Rebekkah', 'rmiddis4@voyage.fr', '1522539820',1,5);

INSERT INTO Moyen_transport (nom_moyen_transport,nom_transporteur,prix_km,actif)
VALUES
  ("Avion","Air France","0.10",1),
  ("Avion","Air Inidia","0.11",1),
  ("Avion","Air China","0.12",1),
  ("Avion","KLM","0.13",1),
  ("Train","SNCF","0.16",1),
  ("Train","Thalys","0.17",1),
  ("Bus","BlaBlaBus","0.26",1),
  ("Bus","FlixBus","0.27",1),
  ("Bateau","Compagnie Oceane","1.20",1),
  ("Bateau","Brittany Ferries","1.21",1);
  
  INSERT INTO Etape (date_depart, date_arrivee, kilometrage, id_depart, id_arrivee, id_moyen_transport)
VALUES
(1641229200,1641235000,500,6,9,9),
(1645198400,1645202000,1000,3,25,2),
(1649489600,1649495000,856,33,22,8),
(1651989600,1652014800,584,6,15,5),
(1657785900,1657788300,57,20,23,7),
(1657965600,1657968300,200,23,22,5),
(1668511800,1668515400,150,14,15,4),
(1668528000,1668540600,390,15,1,8),
(1668583800,1668597600,750,1,3,5),
(1669366800,1669388400,10,21,22,7);

INSERT INTO Voyage (nom_voyage)
VALUES
("Chat"),
("Serpent"),
("Mouton"),
("Chien"),
("Singe"),
("Rat"),
("Buffle"),
("Tigre"),
("Chèvre"),
("Dragon"),
("Lapin"),
("Cheval"),
("Coq"),
("Cochon"),
("Psykokwak");

INSERT INTO Voyageurs (nom_voyageur, prenom_voyageur, naissance_voyageur, genre_voyageur) 
VALUES
("Dupont", "Marie", "1950-02-14", "F"),
("Martin", "David", "1989-06-21", "H"),
("Leroy", "Sophie", "2000-03-08", "F"),
("Petit", "Jérôme", "1991-11-16", "H"),
("Roussel", "Virginie", "1996-01-25", "F"),
("Garcia", "Julien", "1985-04-13", "H"),
("Da Silva", "Laure", "1948-07-15", "F"),
("Meyer", "Thomas", "1995-09-12", "N"),
("Durand", "Emilie", "1984-01-19", "F"),
("Bourgeois", "Benjamin", "2003-03-07", "H"),
("Perrin", "Camille", "1990-05-29", "F"),
("Lefebvre", "Julie", "1996-08-17", "F"),
("Gauthier", "Lucas", "1960-11-22", "H"),
("Morin", "Léa", "1987-04-10", "F"),
("Roche", "Kevin", "1982-07-14", "H"),
("Renard", "Justine", "1990-12-20", "N"),
("Lopez", "Alexandre", "1994-03-01", "H"),
("Faure", "Caroline", "1962-06-26", "F"),
("Girard", "Maxime", "1989-09-23", "H"),
("Boucher", "Sandrine", "1986-01-17", "F"),
("Blanc", "Quentin", "2002-04-30", "H"),
('Dupont', 'Jean', '1980-01-01', 'H'),
('Durand', 'Julie', '1985-05-12', 'F'),
('Martin', 'Eric', '1990-03-03', 'H'),
('Petit', 'Emilie', '1995-07-07', 'F'),
('Moreau', 'Marc', '2000-09-09', 'H'),
('Lefebvre', 'Sophie', '1980-02-01', 'F'),
('Roux', 'Loïc', '1985-06-12', 'H'),
('Girard', 'Sandrine', '1990-04-03', 'F'),
('Lopez', 'Léa', '1995-08-07', 'F'),
('Rousseau', 'Benjamin', '2000-10-09', 'H'),
('Boucher', 'Maxime', '2012-01-01', 'H'),
('Leclerc', 'Camille', '2013-05-12', 'F'),
('Gautier', 'Nina', '2015-03-03', 'N'),
('Rey', 'Louis', '2018-07-07', 'H'),
('Morel', 'Mélanie', '2020-09-09', 'F'),
('Dubois', 'Victor', '1945-01-01', 'H'),
('Dumont', 'Anne', '1950-05-12', 'F'),
('Rey', 'Mathis', '1955-03-03', 'H'),
('Perrin', 'Claire', '1960-07-07', 'F'),
('Garcia', 'Tom', '1965-09-09', 'H'),
('Dupuis', 'Manon', '2000-01-01', 'F'),
('Leroux', 'Raphaël', '2000-05-12', 'H'),
('Moreau', 'Lila', '2000-03-03', 'F'),
('Lacroix', 'Alexandre', '2000-07-07', 'H'),
('Lefevre', 'Ines', '2000-09-09', 'F'),
('Roche', 'Samuel', '2000-01-01', 'H'),
('Girard', 'Léa', '2000-05-12', 'F'),
('Dumas', 'Paul', '2000-03-03', 'H'),
('Bertrand', 'Emma', '2000-07-07', 'F'),
('Roussel', 'Maxime', '2000-09-09', 'N');

INSERT INTO Clients (nom_client, prenom_client, date_naissance, genre, adresse_mail, actif, id_livraison,id_facturation)
VALUES
("Dupont", "Marie", "1950-02-14", "F", "marie.dupont@gmail.com",1,6,6),
("Martin", "David", "1989-06-21", "H", "d.martin@yahoo.com",1,7,7),
("Leroy", "Sophie", "2000-03-08", "F", "sophie.leroy@outlook.com",1,8,8),
("Petit", "Jérôme", "2011-11-16", "H", "jerome.petit@hotmail.com",1,9,10),
("Roussel", "Virginie", "1996-01-25", "F", "virginie.roussel@gmail.com",1,11,11),
("Garcia", "Julien", "1985-04-13", "H", "julien.garcia@gmail.com",1,12,12),
("Da Silva", "Laure", "1948-07-15", "F", "laure.dasilva@yahoo.com",1,13,13),
("Meyer", "Thomas", "2015-09-12", "N", "thomas.meyer@outlook.com",1,14,15),
("Durand", "Emilie", "1984-01-19", "F", "emilie.durand@hotmail.com",1,16,17),
("Bourgeois", "Benjamin", "2003-03-07", "H", "benjamin.bourgeois@gmail.com",1,18,18),
("Perrin", "Camille", "1990-05-29", "F", "camille.perrin@yahoo.com",1,19,19),
("Lefebvre", "Julie", "1996-08-17", "F", "julie.lefebvre@outlook.com",1,20,20),
("Gauthier", "Lucas", "1960-11-22", "H", "lucas.gauthier@hotmail.com",1,21,21),
("Morin", "Léa", "1987-04-10", "F", "lea.morin@gmail.com",1,22,22),
("Roche", "Kevin", "1982-07-14", "H", "kevin.roche@yahoo.com",1,23,23),
("Renard", "Justine", "1990-12-20", "N", "justine.renard@outlook.com",1,24,24),
("Lopez", "Alexandre", "1994-03-01", "H", "alexandre.lopez@hotmail.com",1,25,25),
("Faure", "Caroline", "1962-06-26", "F", "caroline.faure@gmail.com",1,26,26),
("Girard", "Maxime", "1989-09-23", "H", "maxime.girard@yahoo.com",1,27,27),
("Boucher", "Sandrine", "1986-01-17", "F", "sandrine.boucher@outlook.com",1,28,28),
("Blanc", "Quentin", "2002-04-30", "H", "quentin.blanc@hotmail.com",1,28,28);

INSERT INTO Commande (date_commande, id_client, id_personnel)
VALUES
(1610611200, 7, 3),
(1614078000, 20, 5),
(1616173200, 8, 3),
(1617624000, 10, 1),
(1622413800, 13, 4),
(1624075200, 21, 2),
(1625641200, 5, 1),
(1628618400, 9, 4),
(1632193200, 11, 3),
(1633791600, 17, 5),
(1634475600, 3, 2),
(1635728400, 15, 1),
(1637416800, 18, 4),
(1623186000, 12, 4),
(1622152800, 18, 3),
(1618225200, 16, 2),
(1614513600, 19, 5),
(1622136600, 14, 1),
(1626071400, 1, 3),
(1633839300, 6, 5),
(1636967700, 4, 3),
(1625580900, 13, 4),
(1627582500, 2, 1),
(1610367300, 11, 2),
(1613772900, 17, 3);

INSERT INTO Facture (tva,marge,acquittee,id_client,n_commande)
VALUES
(0.2,0.1,0,7,1),
(0.2,0.1,0,20,2),
(0.2,0.1,0,8,3),
(0.2,0.08,0,10,4),
(0.2,0.08,0,13,5),
(0.2,0.08,0,21,6),
(0.2,0.12,0,5,7),
(0.2,0.12,0,9,8),
(0.2,0.12,0,11,9),
(0.1,0.1,0,17,10),
(0.1,0.1,0,3,11),
(0.1,0.1,0,6,12),
(0.2,0.1,1,18,13),
(0.2,0.1,1,12,14),
(0.2,0.1,1,18,15),
(0.2,0.1,0,16,16),
(0.2,0.1,0,19,17),
(0.2,0.1,0,14,18),
(0.2,0.1,0,1,19),
(0.2,0.1,0,6,20),
(0.2,0.1,0,4,21),
(0.2,0.1,0,13,22),
(0.2,0.1,0,2,23),
(0.2,0.1,0,11,24),
(0.2,0.1,0,17,25),
(0.2,0.1,0,2,23),
(0.2,0.1,0,11,24),
(0.2,0.1,0,17,25);

INSERT INTO Paiement (date_paiement,moyen_paiement,taux_paiement,id_facture)
VALUES
(1610611200,"Paypal",1,1),
(1614078000,"Paypal",1,2),
(1616173200,"Paypal",1,3),
(1617624000,"Paypal",1,4),
(1622413200,"Paypal",0.5,5),
(1622423200,"Paypal",0.5,5),
(1624075200,"CB",1,6),
(1625641200,"CB",0.75,7),
(1625643200,"Paypal",0.25,7),
(1628618400,"CB", 1, 8),
(1632193200,"CB", 1, 9),
(1633791600,"CB", 1, 10),
(1634475600,"CB", 1, 11),
(1635728400,"CB", 1, 12),
(1637416800,"Paypal", 1, 13),
(1623186000,"Paypal", 0.1, 14),
(1623186000,"Paypal", 0.2, 14),
(1623186000,"Paypal", 0.7, 14),
(1622152800,"Paypal", 1, 15),
(1618225200,"Paypal", 1, 16),
(1614513600,"Paypal", 1, 17),
(1622136600,"Paypal", 1, 18),
(1626071400,"Especes", 1, 19),
(1633839300,"Especes", 1, 20),
(1636967700,"Especes", 1, 21),
(1625580900,"Cheque", 1, 22),
(1627582500,"Cheque", 1, 23),
(1610367300,"Cheque", 1, 24),
(1613772900,"Cheque", 1, 25);

INSERT INTO compose (id_etape, id_voyage)
VALUES
(1,1),
(1,2),
(2,3),
(2,4),
(3,5),
(4,6),
(5,7),
(6,7),
(7,8),
(8,8),
(7,9),
(8,9),
(9,9),
(9,10),
(10,10),
(10,11),
(9,12),
(10,13),
(10,14),
(9,15);

INSERT INTO correspond (n_commande, id_voyage)
VALUES
(1, 10),
(1, 1),
(2, 2),
(3, 8),
(4, 15),
(5, 14),
(13, 9),
(6, 14),
(7, 3),
(7, 2),
(8, 11),
(9, 5),
(10, 2),
(11, 4),
(12, 1),
(13, 5),
(14, 12),
(14, 15),
(15, 8),
(2, 5),
(16, 7),
(17, 15),
(18, 13),
(18, 4),
(19, 2),
(20, 7),
(21, 6),
(25, 6),
(22, 15),
(23, 9),
(24, 11),
(24, 1),
(25, 4);

INSERT INTO participe (id_voyageur,id_voyage) VALUES
(1,2),
(2,9),
(3,4),
(4,6),
(5,2),
(5,3),
(6,1),
(6,7),
(7,1),
(7,10),
(8,8),
(9,11),
(10,15),
(11,5),
(11,1),
(11,11),
(12,12),
(12,15),
(13,15),
(13,14),
(14,4),
(14,13),
(15,2),
(16,7),
(17,2),
(17,4),
(17,6),
(18,5),
(18,9),
(18,8),
(19,15),
(20,2),
(20,5),
(21,14),
(22,1),
(23,1),
(24,1),
(25,1),
(26,1),
(27,1),
(28,2),
(29,2),
(30,2),
(31,3),
(32,2),
(33,4),
(34,15),
(35,2),
(36,3),
(37,9),
(38,8),
(39,7),
(40,6),
(41,5),
(42,4),
(43,3),
(44,5),
(45,2),
(46,1),
(47,11),
(48,10),
(49,12),
(50,13),
(51,14);